{"cameraMode":{"drawMode":0,"name":"Shaded","section":"Shading Mode"},"sceneLighting":false,"audioPlay":false,"sceneViewState":{"showFog":true,"showMaterialUpdate":false,"showSkybox":false,"showFlares":true,"showImageEffects":true,"showParticleSystems":true},"in2DMode":false,"pivot":{"x":30.700000762939454,"y":2.5999999046325685,"z":16.200000762939454},"rotation":{"x":0.33449992537498476,"y":-0.462250679731369,"z":0.1937493234872818,"w":0.7980572581291199},"size":5.7157673835754398,"orthographic":false}