{"cameraMode":{"drawMode":0,"name":"Shaded","section":"Shading Mode"},"sceneLighting":false,"audioPlay":false,"sceneViewState":{"showFog":true,"showMaterialUpdate":false,"showSkybox":false,"showFlares":true,"showImageEffects":true,"showParticleSystems":true},"in2DMode":false,"pivot":{"x":30.469999313354493,"y":2.2300000190734865,"z":17.700000762939454},"rotation":{"x":0.28506410121917727,"y":-0.6887186169624329,"z":0.3437160849571228,"w":0.5711955428123474},"size":22.0,"orthographic":false}